FN1192-S			Chr4	1462128	1462159		0	0	Deletion	31			LOC_Os04g03410	retrotransposon protein, putative, unclassified, expressed	\N
FN-220			Chr12	20157944	20157974		0	0	Deletion	30			LOC_Os12g33320	retrotransposon protein, putative, unclassified, expressed	\N
FN-287			Chr8	11970048	11970078		0	0	Deletion	30			LOC_Os08g19990	transposon protein, putative, CACTA, En/Spm sub-class, expressed	\N
FN902-S			Chr11	24247604	24247634		0	0	Deletion	30			LOC_Os11g40620	expressed protein	\N
FN1192-S			Chr1	41984898	41984926		0	0	Deletion	28			LOC_Os01g72380	expressed protein	\N
FN-307			Chr1	19427785	19427812		0	0	Deletion	27			LOC_Os01g35090	retrotransposon protein, putative, Ty3-gypsy subclass, expressed	\N
FN-314			Chr4	29497073	29497100		0	0	Deletion	27			LOC_Os04g49430	ZR1 protein, putative, expressed	\N
FN-233			Chr7	3761367	3761394		0	0	Deletion	27			LOC_Os07g07540	SHOOT1 protein, putative, expressed	\N
FN-314			Chr11	23173960	23173987		0	0	Deletion	27			LOC_Os11g38920	HVA22, putative, expressed	\N
FN587-S			Chr9	13640094	13640121		0	0	Deletion	27			LOC_Os09g23084	endoglucanase, putative, expressed	\N
FN-240			Chr5	14109155	14109181		0	0	Deletion	26			LOC_Os05g24430	retrotransposon protein, putative, Ty1-copia subclass, expressed	\N
FN-166			Chr8	23335357	23335382		0	0	Deletion	25			LOC_Os08g36900	alpha-amylase precursor, putative, expressed	\N
FN825-S			Chr3	34940785	34940810		0	0	Deletion	25			LOC_Os03g61630	WD domain, G-beta repeat domain containing protein, expressed	\N
FN-161			Chr8	27592886	27592910		0	0	Deletion	24			LOC_Os08g43654	MATE efflux family protein, putative, expressed	\N
FN990-S			Chr1	8301474	8301498		0	0	Deletion	24			LOC_Os01g14840	ZOS1-06 - C2H2 zinc finger protein, expressed	\N
FN1180-S			Chr7	517779	517803		0	0	Deletion	24			LOC_Os07g01860	expressed protein	\N
FN-287			Chr3	9169307	9169331		0	0	Deletion	24			LOC_Os03g16610	laccase precursor protein, putative, expressed	\N
FN999-S			Chr4	19654352	19654375		0	0	Deletion	23			LOC_Os04g32620	ethylene-responsive transcription factor ERF114, putative, expressed	\N
FN899-S			Chr2	21411014	21411037		0	0	Deletion	23			LOC_Os02g35590	glutathione S-transferase, putative, expressed	\N
FN-261			Chr11	10590660	10590682		0	0	Deletion	22			LOC_Os11g18700	retrotransposon protein, putative, unclassified, expressed	\N
